1872553327,0.507500,0.385000,-2.371250,-0.007442,-0.056791,0.960872
1872587212,1.041250,2.073750,-3.255000,-0.019581,-0.054229,0.980270
1872618420,0.892500,1.995000,-2.756250,-0.019520,-0.051911,0.981124
1872646125,0.175000,2.520000,-3.036250,-0.019520,-0.059170,0.984967
1872673122,0.061250,2.730000,-2.756250,-0.024156,-0.053436,0.989054
1872700571,0.682500,1.207500,-3.552500,-0.025803,-0.057645,0.984784
1872727858,1.128750,0.717500,-5.775000,-0.027328,-0.048983,0.981307
1872755388,0.323750,-0.577500,-3.911250,-0.024034,-0.051240,0.990640
1872782556,0.577500,-0.306250,-3.736250,-0.024522,-0.051911,0.989420
1872809921,0.288750,0.306250,-3.780000,-0.029829,-0.054839,0.984784
1872837272,0.586250,-0.245000,-3.473750,-0.037576,-0.054900,0.992836
1872864222,0.831250,0.192500,-3.920000,-0.033855,-0.059719,0.992287
1872891529,1.347500,0.603750,-3.640000,-0.037942,-0.057828,0.989298
1872918873,1.662500,-0.017500,-3.106250,-0.036661,-0.050020,0.987285
1872946082,-1.260000,0.411250,-2.826250,-0.039711,-0.049837,0.981856
1872973165,0.472500,0.227500,-2.537500,-0.038857,-0.052521,0.977281
1873000660,2.966250,0.236250,-2.738750,-0.031781,-0.056730,0.979172
1873027750,0.962500,0.000000,-2.336250,-0.035929,-0.053436,0.974475
1873055077,1.058750,0.148750,-2.528750,-0.039833,-0.050691,0.987346
1873082286,1.382500,-0.350000,-2.345000,-0.040138,-0.051850,0.989054
1873110110,1.321250,-1.181250,-2.257500,-0.034587,-0.054229,0.993263
1873137372,0.577500,-2.047500,-1.863750,-0.035319,-0.057279,0.992287
1873164457,0.831250,-2.887500,-2.441250,-0.026779,-0.053558,0.991189
1873191797,1.076250,-3.001250,-2.590000,-0.020069,-0.053375,0.980148
1873219222,0.253750,-1.443750,-2.196250,-0.019398,-0.061732,0.979355
1873246252,0.463750,-1.190000,-1.680000,-0.012810,-0.055754,0.982466
1873273609,1.216250,0.017500,-1.750000,-0.006649,-0.060024,0.979355
1873301022,1.662500,1.435000,-2.467500,-0.014518,-0.051545,0.976244
1873328322,1.592500,2.135000,-2.948750,-0.018788,-0.051362,0.979416
1873355513,1.347500,3.290000,-2.817500,-0.017507,-0.060695,0.986675
1873382669,2.292500,3.053750,-3.281250,-0.029463,-0.064355,0.994422
1873409718,2.458750,2.703750,-3.657500,-0.027755,-0.060146,1.004670
1873436960,2.520000,2.458750,-3.797500,-0.030866,-0.064416,0.998997
1873463871,2.800000,3.246250,-3.718750,-0.029646,-0.057340,0.989420
1873490980,3.010000,4.550000,-3.412500,-0.021899,-0.051789,0.990762
1873518021,2.275000,4.926250,-3.955000,-0.025986,-0.048922,0.984662
1873545380,2.931250,4.506250,-4.191250,-0.027999,-0.038796,0.978318
1873572442,2.292500,5.048750,-4.576250,-0.024339,-0.038125,0.978989
1873599693,1.837500,6.063750,-4.707500,-0.014274,-0.045933,0.981734
1873626768,1.723750,6.615000,-4.838750,-0.027023,-0.038125,0.978501
1873653888,1.977500,7.936250,-4.436250,-0.043737,-0.033794,0.981795
1873681175,1.636250,8.557500,-4.086250,-0.053924,-0.045567,0.989359
1873708306,1.820000,9.178750,-3.797500,-0.063379,-0.055266,0.974109
1873735388,2.082500,7.393750,-3.858750,-0.056364,-0.036966,0.978989
1873762744,2.117500,6.667500,-4.961250,-0.046543,-0.034709,0.973804
1873789770,1.662500,7.245000,-4.471250,-0.062159,-0.042639,0.971303
1873817106,1.653750,6.527500,-4.506250,-0.068137,-0.037088,0.971242
1873844192,1.627500,7.271250,-4.243750,-0.054839,-0.040260,0.978440
1873871255,0.752500,9.187500,-4.261250,-0.048495,-0.048190,0.992165
1873898295,0.936250,11.541250,-4.497500,-0.069052,-0.059109,1.015955
1873925422,3.272500,11.637500,-3.368750,-0.080764,-0.054717,1.010221
1873952422,4.847500,13.518750,-1.610000,-0.091256,-0.042639,1.006805
1873979557,4.760000,14.358750,-0.682500,-0.115839,-0.029219,0.994300
1874006815,3.237500,13.221250,-0.271250,-0.112911,-0.019032,0.984967
1874033899,2.493750,11.567500,-1.172500,-0.104249,-0.019825,0.980819
1874060958,1.540000,9.021250,-1.828750,-0.124318,-0.017324,0.962275
1874088064,0.385000,7.122500,-1.706250,-0.110776,-0.004819,0.945256
1874115186,-1.365000,7.227500,-1.023750,-0.113521,0.000671,0.936716
1874142162,-3.526250,7.735000,-1.277500,-0.110105,-0.004697,0.944585
1874169246,-4.025000,10.141250,-0.875000,-0.114985,-0.021472,0.951356
1874196595,-3.981250,10.902500,-0.910000,-0.123586,-0.016836,0.953064
1874223983,-3.438750,12.048750,-1.032500,-0.135847,-0.030622,0.937265
1874251051,-4.121250,12.547500,-0.988750,-0.124684,-0.028060,0.965813
1874278042,-5.425000,13.772500,-2.283750,-0.132187,-0.035197,0.958005
1874305373,-6.273750,14.315000,-2.240000,-0.150731,-0.035563,0.963678
1874332529,-7.691250,12.661250,-2.187500,-0.183671,-0.040382,0.967643
1874359512,-8.408750,11.313750,-1.338750,-0.185623,-0.069967,0.990396
1874386663,-8.190000,9.275000,-0.402500,-0.197213,-0.066490,0.977220
1874414244,-6.492500,7.420000,0.455000,-0.199470,-0.069662,0.975329
1874441918,-5.302500,3.850000,0.087500,-0.197579,-0.075213,0.958737
1874469488,-4.891250,1.907500,0.341250,-0.200385,-0.047458,0.964715
1874496642,-5.740000,1.811250,-0.271250,-0.176351,-0.046299,0.944341
1874523558,-6.186250,3.333750,-1.347500,-0.169702,-0.066246,0.969778
1874550649,-7.131250,4.558750,-1.863750,-0.173850,-0.080886,0.990152
1874577720,-6.772500,7.306250,0.078750,-0.212158,-0.050020,0.985943
1874605264,-7.752500,9.800000,1.295000,-0.189161,-0.059963,1.000827
1874632370,-8.645000,12.293750,3.167500,-0.181414,-0.102907,1.017114
1874659422,-6.405000,13.063750,3.561250,-0.204289,-0.120780,1.013454
1874686736,-3.613750,11.287500,4.217500,-0.249795,-0.108153,0.983259
1874714066,-3.902500,9.922500,4.917500,-0.245647,-0.084607,0.963861
1874741180,-7.682500,6.947500,4.348750,-0.228323,-0.067954,0.951722
1874768275,-9.415000,5.048750,3.395000,-0.230885,-0.081313,0.936228
1874795699,-10.500000,4.278750,3.421250,-0.230702,-0.107726,0.956968
1874822633,-10.185000,4.453750,4.165000,-0.249063,-0.113399,0.961787
1874849671,-7.560000,5.197500,4.803750,-0.240157,-0.109556,0.963861
1874876699,-6.291250,6.693750,5.372500,-0.224297,-0.104554,0.957334
1874903963,-3.491250,9.213750,4.760000,-0.224846,-0.119377,0.955443
1874931716,-0.393750,10.333750,4.296250,-0.240340,-0.108824,0.939156
1874958936,1.146250,10.788750,2.695000,-0.208193,-0.109922,0.939583
1874985852,0.428750,12.512500,-0.280000,-0.221491,-0.116571,0.917013
1875013211,-2.765000,10.850000,-1.522500,-0.224785,-0.123159,0.949160
1875040377,-1.032500,11.191250,-3.587500,-0.215330,-0.129320,0.969961
1875067663,1.286250,12.661250,-3.963750,-0.261141,-0.101992,0.954101
1875094881,0.568750,13.405000,-2.948750,-0.260043,-0.081679,0.967338
1875121971,-3.561250,13.658750,-2.003750,-0.260165,-0.095160,0.930555
1875148972,-4.480000,15.461250,-0.743750,-0.261934,-0.109129,0.967887
1875176082,-3.246250,14.673750,-1.181250,-0.265167,-0.122610,0.935862
1875203286,-2.108750,15.627500,-2.231250,-0.295240,-0.134749,0.932385
1875230384,-2.835000,15.260000,-2.371250,-0.311893,-0.131272,0.897249
1875257459,-2.126250,14.595000,-3.675000,-0.303170,-0.112362,0.898225
1875285027,-3.368750,14.673750,-4.943750,-0.289628,-0.109739,0.907192
1875312463,-3.526250,15.653750,-5.836250,-0.317017,-0.109007,0.921283
1875339357,-3.876250,16.458750,-5.880000,-0.316956,-0.125416,0.904752
1875366532,-5.285000,17.622500,-6.737500,-0.333365,-0.138592,0.916220
1875393476,-6.877500,16.406250,-6.676250,-0.343491,-0.140666,0.921039
1875420634,-6.606250,14.385000,-7.918750,-0.362462,-0.152622,0.944829
1875447721,-5.162500,12.722500,-9.021250,-0.377102,-0.128100,0.945317
1875474569,-4.751250,10.377500,-8.732500,-0.364780,-0.133834,0.933605
1875501222,-4.943750,9.292500,-8.618750,-0.351787,-0.151768,0.925492
1875527715,-4.952500,7.358750,-7.568750,-0.361791,-0.172874,0.948550
1875554371,-2.082500,6.851250,-6.466250,-0.364414,-0.148840,0.917501
1875580847,-0.796250,9.511250,-5.827500,-0.351116,-0.137250,0.884622
1875607715,-2.388750,9.598750,-5.600000,-0.358070,-0.141520,0.885476
1875634552,-4.515000,12.810000,-5.092500,-0.357216,-0.148657,0.890478
1875661519,-3.272500,14.000000,-5.118750,-0.373381,-0.172325,0.894809
1875688507,-1.881250,16.441250,-4.313750,-0.387472,-0.158234,0.891027
1875717822,-0.113750,15.225000,-3.342500,-0.406931,-0.149999,0.879071
1875745582,-1.146250,14.866250,-2.135000,-0.409493,-0.161772,0.862418
1875772356,-2.625000,11.856250,-3.141250,-0.415776,-0.171959,0.864126
1875799195,-3.360000,9.590000,-4.733750,-0.425292,-0.177937,0.874801
1875826168,-3.342500,8.820000,-4.515000,-0.429440,-0.183732,0.878156
1875852990,-0.901250,8.505000,-3.447500,-0.431514,-0.187575,0.876082
1875879788,-0.691250,7.708750,-2.747500,-0.432307,-0.174155,0.875106
1875907259,-2.257500,7.822500,-3.290000,-0.418704,-0.186050,0.874557
1875934632,-3.543750,8.286250,-4.252500,-0.425963,-0.183976,0.867481
1875975421,-2.878750,7.988750,-3.342500,-0.413458,-0.194041,0.861503
1876006627,-0.490000,10.088750,-4.060000,-0.437126,-0.186599,0.864919
1876038166,0.288750,13.221250,-4.725000,-0.442860,-0.206851,0.869677
1876071189,-0.420000,13.798750,-6.702500,-0.439993,-0.196908,0.873154
1876101762,2.345000,17.640000,-7.122500,-0.423767,-0.175375,0.849852
1876129165,2.590000,19.363750,-7.472500,-0.436882,-0.161528,0.859490
1876156434,0.875000,22.741250,-7.945000,-0.450119,-0.161284,0.854976
1876184056,0.218750,23.966250,-6.571250,-0.459696,-0.171105,0.844118
1876211324,1.111250,21.927500,-6.475000,-0.477996,-0.187880,0.838323
1876238641,2.082500,20.545000,-6.020000,-0.493612,-0.208193,0.841617
1876265992,3.823750,18.882500,-6.230000,-0.515694,-0.203008,0.827587
1876293350,4.725000,17.368750,-5.092500,-0.514840,-0.202093,0.806786
1876320877,6.238750,16.117500,-4.016250,-0.516853,-0.201544,0.807884
1876348108,7.805000,15.067500,-4.287500,-0.507215,-0.188063,0.820145
1876375292,9.677500,17.088750,-4.838750,-0.491355,-0.192272,0.818803
1876402483,10.211250,21.008750,-6.160000,-0.526552,-0.175741,0.822829
1876429937,12.048750,22.286250,-6.518750,-0.545706,-0.161162,0.819413
1876457487,11.637500,22.601250,-7.367500,-0.564860,-0.156953,0.800015
1876485020,10.307500,20.658750,-8.198750,-0.588833,-0.135176,0.786473
1876512336,7.770000,18.348750,-9.117500,-0.615185,-0.132065,0.805200
1876539819,5.853750,16.187500,-8.618750,-0.619150,-0.152378,0.812276
1876567230,5.556250,15.120000,-7.157500,-0.609817,-0.161528,0.803187
1876594469,5.565000,15.680000,-5.740000,-0.617076,-0.157502,0.792939
1876622138,4.042500,15.802500,-5.346250,-0.599203,-0.152195,0.779336
1876649459,4.165000,15.522500,-5.670000,-0.608231,-0.178974,0.781959
1876676680,3.771250,13.571250,-6.247500,-0.612135,-0.183854,0.782081
1876704189,5.101250,13.133750,-5.985000,-0.609024,-0.161467,0.770186
1876731400,6.772500,12.958750,-6.221250,-0.608414,-0.133407,0.744688
1876758818,6.580000,11.873750,-6.028750,-0.604083,-0.141703,0.740784
1876786097,6.168750,12.652500,-5.862500,-0.597068,-0.149389,0.754387
1876813542,5.486250,13.483750,-6.090000,-0.624457,-0.153232,0.779214
1876840861,6.160000,13.195000,-6.343750,-0.612928,-0.156526,0.757010
1876868644,7.481250,14.420000,-6.396250,-0.616466,-0.150182,0.722118
1876895889,7.717500,13.816250,-6.238750,-0.630557,-0.135176,0.721386
1876923013,5.985000,13.492500,-6.020000,-0.643306,-0.157563,0.749873
1876950333,6.221250,14.017500,-5.337500,-0.663497,-0.145241,0.758413
1876977701,8.163750,13.562500,-4.917500,-0.670268,-0.142984,0.773480
1877005533,8.977500,12.302500,-4.375000,-0.697413,-0.131211,0.756644
1877032843,8.627500,9.100000,-3.920000,-0.695766,-0.135664,0.749263
1877060281,7.498750,6.676250,-2.598750,-0.691618,-0.133468,0.768783
1877087828,6.658750,3.692500,-2.108750,-0.710284,-0.130479,0.771833
1877114980,6.238750,0.752500,-2.196250,-0.705038,-0.119072,0.766221
1877142331,5.923750,-0.481250,-2.257500,-0.708393,-0.113033,0.766831
1877169578,4.200000,-1.268750,-2.126250,-0.708698,-0.103029,0.771528
1877196848,3.701250,-2.126250,-2.773750,-0.696986,-0.100467,0.774395
1877227658,1.618750,-3.648750,-2.100000,-0.710406,-0.106750,0.783789
1877255483,0.586250,-5.267500,-2.703750,-0.711870,-0.110410,0.795501
1877283031,-0.017500,-8.076250,-3.036250,-0.701805,-0.115412,0.784155
1877310188,-0.253750,-12.013750,-2.800000,-0.696742,-0.108214,0.791109
1877337704,-0.288750,-14.446250,-3.263750,-0.685884,-0.105530,0.782386
1877364759,-0.455000,-15.268750,-3.141250,-0.664595,-0.106140,0.791902
1877392446,-1.093750,-15.863750,-3.246250,-0.678625,-0.118523,0.807091
1877420150,-0.840000,-16.817500,-2.773750,-0.668316,-0.133590,0.799161
1877447431,-0.218750,-19.337500,-2.248750,-0.652700,-0.124074,0.805017
1877474977,0.385000,-22.452500,-3.342500,-0.656543,-0.109129,0.806359
1877502168,-0.280000,-24.508750,-4.033750,-0.645075,-0.102358,0.797941
1877529480,-0.988750,-28.035000,-3.272500,-0.622566,-0.091866,0.792512
1877557145,-1.951250,-29.575000,-3.823750,-0.606523,-0.091561,0.786656
1877584748,-1.697500,-30.555000,-3.850000,-0.575291,-0.110715,0.794220
1877612153,-2.397500,-31.526250,-3.508750,-0.554856,-0.130235,0.810385
1877639423,-3.185000,-31.666250,-3.062500,-0.548512,-0.144265,0.813923
1877666858,-1.802500,-32.795000,-2.983750,-0.537959,-0.149816,0.825086
1877694097,-0.875000,-33.381250,-3.473750,-0.529541,-0.151768,0.843752
1877721479,-0.560000,-33.005000,-3.228750,-0.509777,-0.142862,0.861015
1877748734,-0.472500,-33.346250,-3.097500,-0.490684,-0.132248,0.874496
1877776165,-1.225000,-33.713750,-4.637500,-0.477386,-0.127917,0.875350
1877803412,-2.511250,-32.856250,-5.468750,-0.478667,-0.133895,0.869616
1877830814,-2.126250,-33.713750,-5.976250,-0.481412,-0.130357,0.873642
1877858177,-2.520000,-35.437500,-6.308750,-0.468114,-0.140971,0.879193
1877885512,-2.502500,-37.030000,-5.512500,-0.453352,-0.134627,0.869555
1877912921,-2.091250,-37.590000,-4.173750,-0.444446,-0.140666,0.884744
1877940094,-4.480000,-37.476250,-3.395000,-0.432612,-0.146827,0.891820
1877967292,-6.107500,-36.828750,-2.345000,-0.421449,-0.162138,0.909754
1877994530,-6.116250,-36.802500,-1.890000,-0.390400,-0.186111,0.907009
1878021954,-4.646250,-37.415000,-2.747500,-0.356057,-0.190320,0.929152
1878049044,-2.870000,-37.126250,-3.430000,-0.362889,-0.185745,0.912682
1878076421,-2.065000,-35.918750,-2.957500,-0.350018,-0.159759,0.901519
1878103698,-1.601250,-34.921250,-2.808750,-0.315309,-0.158661,0.905057
1878131638,-2.607500,-34.107500,-1.837500,-0.309636,-0.184952,0.903410
1878158985,-1.592500,-32.970000,-0.857500,-0.286151,-0.184525,0.892308
1878186376,0.481250,-32.007500,0.840000,-0.238327,-0.166164,0.890905
1878213820,0.892500,-29.548750,0.507500,-0.216367,-0.162931,0.915244
1878240910,1.198750,-23.441250,0.166250,-0.216794,-0.178303,0.913536
1878268276,1.636250,-20.903750,0.367500,-0.202276,-0.174704,0.912255
1878295632,0.980000,-19.556250,-0.367500,-0.179889,-0.151402,0.922259
1878323067,-2.038750,-19.057500,-2.415000,-0.164273,-0.153903,0.907680
1878350401,-4.410000,-18.025000,-3.832500,-0.172752,-0.131333,0.903837
1878377939,-4.838750,-18.086250,-5.197500,-0.183427,-0.113887,0.901214
1878405105,-8.295000,-16.957500,-6.361250,-0.180133,-0.118340,0.928481
1878432390,-9.878750,-16.161250,-6.728750,-0.176473,-0.141459,0.902495
1878459798,-9.196250,-17.648750,-6.475000,-0.171837,-0.137616,0.912316
1878487174,-11.795000,-17.403750,-5.696250,-0.156526,-0.149328,0.918477
1878514487,-13.518750,-15.566250,-4.620000,-0.155428,-0.169031,0.907680
1878541719,-13.300000,-14.988750,-4.427500,-0.150182,-0.196603,0.965447
1878569035,-14.245000,-15.058750,-5.705000,-0.157502,-0.214232,0.966850
1878596205,-10.771250,-15.968750,-6.763750,-0.152744,-0.218136,0.974475
1878623468,-9.441250,-14.560000,-5.810000,-0.151402,-0.227896,0.938485
1878651190,-8.513750,-13.098750,-4.051250,-0.142313,-0.216001,0.947757
1878678521,-10.150000,-13.370000,-3.351250,-0.116388,-0.227042,0.951661
1878705873,-11.865000,-12.958750,-4.086250,-0.120475,-0.239669,0.979111
1878733314,-12.311250,-12.206250,-3.596250,-0.122122,-0.240096,0.975451
1878760817,-11.226250,-13.912500,-4.243750,-0.103517,-0.250283,0.962275
1878788325,-10.360000,-12.363750,-4.261250,-0.077653,-0.252906,0.934276
1878815585,-9.100000,-7.218750,-3.403750,-0.098759,-0.231495,0.927261
1878843018,-10.998750,-7.105000,-2.765000,-0.112423,-0.245647,0.922869
1878870179,-11.961250,-8.242500,-2.292500,-0.091988,-0.273768,0.901702
1878897561,-9.572500,-8.863750,-1.925000,-0.083753,-0.304390,0.889746
1878924797,-8.303750,-9.458750,-2.590000,-0.081557,-0.296338,0.913475
1878952269,-9.817500,-10.465000,-4.707500,-0.061488,-0.272365,0.924028
1878979579,-10.867500,-9.703750,-5.276250,-0.054473,-0.274988,0.916952
1879006936,-12.853750,-8.216250,-6.886250,-0.070455,-0.269437,0.919575
1879034241,-13.982500,-8.496250,-8.531250,-0.065209,-0.286822,0.917013
1879061542,-14.586250,-7.945000,-8.373750,-0.052094,-0.322019,0.894809
1879089043,-14.901250,-7.420000,-3.937500,-0.042334,-0.318908,0.880230
1879116273,-16.800000,-8.111250,-3.858750,-0.038308,-0.309148,0.880596
1879143478,-18.873750,-8.015000,-3.368750,-0.036539,-0.319762,0.881145
1879170913,-24.010000,-6.475000,-2.318750,-0.060512,-0.330803,0.845887
1879197929,-27.527500,-7.113750,-1.837500,-0.055876,-0.329888,0.856745
1879225390,-33.398750,-8.592500,-1.916250,-0.026718,-0.337147,0.834053
1879252645,-36.855000,-7.297500,-2.415000,-0.028304,-0.373869,0.832772
1879280117,-38.097500,-3.902500,-2.546250,-0.046787,-0.419497,0.879132
1879307480,-35.813750,-2.835000,-4.611250,-0.049532,-0.455548,0.892735
1879334712,-31.080000,-2.703750,-6.142500,-0.039223,-0.463905,0.843264
1879361964,-24.377500,-1.295000,-8.715000,0.013664,-0.520025,0.910364
1879389303,-19.582500,1.400000,-11.147500,0.002989,-0.531493,0.906826
1879416758,-8.408750,1.505000,-14.525000,-0.026474,-0.485499,0.910852
1879443837,-3.578750,0.901250,-16.336250,-0.035258,-0.468297,0.876875
1879471127,4.497500,-0.367500,-16.310000,-0.039467,-0.451339,0.889075
1879498284,5.223750,-1.111250,-15.032500,-0.037515,-0.451644,0.872910
1879525759,0.052500,1.225000,-12.311250,-0.024034,-0.428708,0.852353
1879552856,-6.973750,3.097500,-10.456250,-0.021045,-0.418033,0.827770
1879580637,-16.826250,3.718750,-8.697500,-0.010553,-0.424072,0.848449
1879608039,-21.813750,3.456250,-7.306250,-0.038369,-0.452986,0.887489
1879635341,-23.065000,2.616250,-4.672500,-0.046970,-0.492758,0.863821
1879662765,-20.238750,0.218750,-2.423750,-0.031598,-0.515145,0.859978
1879689960,-14.393750,-0.822500,-1.601250,-0.024034,-0.508313,0.863272
1879717450,-9.292500,-2.283750,-2.047500,-0.024583,-0.490013,0.842715
1879744600,-4.655000,-2.450000,-3.351250,-0.016592,-0.478362,0.833565
1879771934,-4.410000,-1.653750,-4.270000,-0.043493,-0.470066,0.833260
1879799182,-8.295000,-1.767500,-5.337500,-0.039406,-0.462197,0.815204
1879826621,-12.985000,-1.382500,-6.711250,-0.022326,-0.481107,0.794647
1879853729,-15.680000,-1.067500,-7.332500,-0.026535,-0.492148,0.806420
1879881130,-19.573750,-0.770000,-6.483750,-0.019154,-0.514657,0.803431
1879908323,-20.186250,-2.082500,-5.066250,-0.050752,-0.533933,0.823561
1879935813,-21.122500,-4.375000,-2.975000,-0.017568,-0.543754,0.788242
1879963964,-19.048750,-4.523750,-1.688750,-0.025193,-0.545279,0.786290
1879991229,-14.848750,-4.191250,-0.201250,-0.026413,-0.546438,0.785558
1880018488,-12.512500,-4.173750,1.540000,-0.020069,-0.534238,0.793854
1880045852,-11.698750,-4.182500,1.513750,-0.020435,-0.542839,0.784216
1880073064,-11.751250,-3.683750,2.038750,-0.014518,-0.560041,0.770064
1880100393,-13.247500,-1.513750,2.178750,-0.008479,-0.578280,0.759999
1880127462,-13.930000,2.651250,2.108750,-0.025254,-0.598715,0.755851
1880155387,-15.172500,2.056250,2.642500,-0.036905,-0.592615,0.755485
1880182663,-15.225000,2.668750,4.602500,-0.028609,-0.623786,0.749263
1880209890,-16.082500,3.640000,5.468750,-0.027084,-0.624823,0.746640
1880237544,-14.831250,3.220000,6.597500,-0.045628,-0.628727,0.735782
1880264745,-14.656250,1.986250,5.766250,-0.024095,-0.632631,0.744322
1880292297,-13.650000,0.700000,4.681250,-0.039223,-0.645014,0.743590
1880319855,-13.632500,-1.268750,4.812500,-0.052399,-0.653066,0.742187
1880347191,-12.337500,-3.885000,2.703750,-0.026596,-0.661972,0.766465
1880374598,-11.821250,-4.235000,1.793750,-0.039894,-0.672769,0.747799
1880401722,-10.132500,-3.631250,0.945000,-0.037637,-0.670207,0.751398
1880429104,-9.266250,-3.316250,-0.717500,-0.026047,-0.660630,0.755058
1880456524,-8.015000,-2.642500,-1.636250,-0.028670,-0.678747,0.737124
1880484008,-7.402500,-1.610000,-1.408750,-0.042517,-0.682468,0.731512
1880511160,-6.343750,-1.715000,-1.811250,-0.034282,-0.677283,0.728035
1880538405,-5.223750,-2.047500,-2.012500,-0.042334,-0.684115,0.716811
1880565700,-4.305000,-1.793750,-2.178750,-0.031964,-0.675575,0.707478
1880593252,-4.086250,-1.102500,-1.540000,-0.026474,-0.667767,0.710833
1880620518,-3.937500,-0.315000,-1.723750,-0.037515,-0.674355,0.700280
1880648208,-3.123750,0.288750,-1.128750,-0.056059,-0.670085,0.703635
1880675806,-3.141250,0.113750,-1.058750,-0.044530,-0.637633,0.701622
1880703107,-2.100000,-0.280000,-0.533750,-0.039528,-0.642574,0.703086
1880730708,-2.581250,0.288750,-1.286250,-0.054412,-0.652456,0.701500
1880758054,-4.130000,1.242500,-1.811250,-0.050325,-0.653554,0.696925
1880785333,-3.648750,1.758750,-2.966250,-0.063623,-0.671793,0.694302
1880812657,-2.546250,0.533750,-3.228750,-0.065087,-0.681187,0.700524
1880840041,-0.070000,0.437500,-2.957500,-0.032086,-0.683505,0.703147
1880867549,1.618750,0.551250,-1.785000,-0.044774,-0.675514,0.709552
1880894634,2.590000,0.586250,-0.638750,-0.061122,-0.673318,0.713944
1880922078,2.310000,-0.017500,0.096250,-0.040504,-0.682956,0.715347
1880949565,1.942500,1.776250,0.008750,-0.035929,-0.705282,0.720837
1880985207,3.290000,2.310000,0.183750,-0.036356,-0.702842,0.718580
1881019729,6.116250,3.220000,0.490000,-0.041297,-0.707966,0.718458
1881054858,7.306250,4.025000,0.043750,-0.044286,-0.695705,0.716140
1881082588,7.621250,2.870000,-1.697500,-0.053314,-0.673135,0.733891
1881110349,6.860000,1.916250,-2.808750,-0.053619,-0.660569,0.726815
1881137752,5.915000,-0.017500,-3.132500,-0.067771,-0.671976,0.724985
1881165054,6.431250,-1.977500,-2.590000,-0.070394,-0.661606,0.720471
1881192438,8.128750,-3.097500,-4.112500,-0.057584,-0.650382,0.733708
1881219736,9.607500,-2.966250,-5.468750,-0.050020,-0.645197,0.715408
1881246902,10.377500,-2.528750,-6.230000,-0.054778,-0.646173,0.712236
1881274417,9.835000,-2.616250,-6.510000,-0.056608,-0.654591,0.722545
1881301680,9.467500,-2.275000,-7.140000,-0.058743,-0.669048,0.730292
1881328941,10.001250,-3.456250,-7.516250,-0.061976,-0.662765,0.719312
1881356268,9.572500,-3.193750,-6.982500,-0.045018,-0.660813,0.734074
1881383648,9.161250,-1.373750,-5.897500,-0.037454,-0.650809,0.745786
1881410995,8.400000,-0.577500,-5.486250,-0.045689,-0.646356,0.760731
1881438875,8.277500,0.341250,-4.620000,-0.058438,-0.644343,0.767929
1881466010,9.073750,-0.446250,-3.482500,-0.060878,-0.630496,0.762500
1881493413,12.188750,-1.872500,-3.360000,-0.054107,-0.630618,0.772077
1881520663,14.140000,-2.003750,-4.130000,-0.045994,-0.624274,0.756888
1881548041,16.318750,-1.233750,-4.208750,-0.048129,-0.610732,0.755058
1881575227,15.898750,-2.082500,-4.593750,-0.044896,-0.592737,0.755912
1881602658,13.571250,-2.091250,-5.215000,-0.054168,-0.582550,0.754509
1881630561,11.943750,-3.893750,-5.600000,-0.057584,-0.574071,0.764208
1881657847,11.305000,-4.707500,-5.967500,-0.049898,-0.582367,0.770613
1881685197,11.786250,-4.165000,-5.521250,-0.046787,-0.590114,0.780129
1881712644,12.267500,-4.165000,-5.022500,-0.042456,-0.584136,0.781105
1881739878,14.140000,-3.990000,-3.718750,-0.027877,-0.574376,0.792756
1881767252,15.050000,-2.310000,-2.493750,-0.024705,-0.574315,0.797880
1881794408,16.800000,-0.682500,-1.618750,-0.033062,-0.570899,0.800503
1881821781,17.771250,-1.426250,-0.542500,-0.030378,-0.558089,0.795196
1881848981,18.882500,-0.551250,-0.288750,-0.024156,-0.550464,0.796050
1881876210,19.425000,-0.603750,-1.041250,-0.043005,-0.542656,0.804224
1881903467,19.092500,-0.376250,-0.927500,-0.036600,-0.537349,0.807030
1881930738,18.375000,-1.820000,-1.855000,-0.022143,-0.523929,0.805871
1881958340,16.948750,-2.388750,-2.143750,-0.019398,-0.526491,0.809836
1881985796,15.977500,-2.257500,-2.476250,-0.022021,-0.516548,0.810690
1882013589,16.502500,-2.730000,-2.415000,-0.013176,-0.506361,0.826794
1882040892,15.610000,-2.292500,-1.977500,-0.015860,-0.496357,0.839909
1882068717,15.277500,-1.916250,-1.680000,-0.030439,-0.497821,0.848266
1882096075,15.855000,-2.126250,-0.945000,-0.026901,-0.484950,0.842288
1882123415,16.108750,-1.697500,-0.936250,-0.025559,-0.479826,0.846192
1882151133,17.193750,-2.283750,-0.883750,-0.027633,-0.476776,0.841861
1882178420,17.718750,-2.957500,-1.496250,-0.019886,-0.475983,0.856806
1882206007,18.987500,-3.797500,-2.065000,-0.022143,-0.468541,0.868457
1882233401,20.116250,-4.331250,-2.765000,-0.029951,-0.470737,0.865529
1882260833,21.341250,-4.515000,-2.528750,-0.024156,-0.449387,0.861381
1882288534,22.347500,-4.138750,-2.668750,-0.023119,-0.432307,0.883402
1882315769,22.181250,-3.788750,-2.957500,-0.023485,-0.433344,0.867908
1882343171,21.936250,-1.347500,-1.785000,-0.003416,-0.414678,0.870531
1882370512,21.463750,0.035000,-1.470000,-0.014762,-0.404369,0.879498
1882397681,20.063750,2.336250,-1.487500,-0.017385,-0.405040,0.887916
1882425039,19.232500,2.563750,-0.726250,-0.012505,-0.399245,0.892613
1882452181,19.696250,3.097500,-0.157500,-0.023241,-0.389180,0.894931
1882479571,20.728750,2.756250,0.113750,-0.029951,-0.376431,0.906582
1882506770,22.146250,2.047500,-0.245000,-0.025315,-0.376919,0.917623
1882534436,23.073750,1.417500,-3.167500,-0.022753,-0.361608,0.909510
1882561869,24.806250,0.778750,-2.695000,-0.026535,-0.347761,0.915305
1882589457,25.751250,-0.175000,-4.016250,-0.015860,-0.342210,0.911706
1882616856,28.612500,-2.283750,-4.970000,-0.014884,-0.324276,0.925492
1882644153,29.863750,-3.255000,-5.810000,-0.022875,-0.312076,0.931348
1882671696,30.765000,-3.666250,-6.020000,-0.020374,-0.283955,0.941840
1882698835,27.973750,-3.403750,-5.302500,-0.015921,-0.269010,0.927871
1882726052,28.428750,-4.497500,-4.908750,-0.017812,-0.257725,0.944341
1882753243,26.171250,-4.077500,-4.497500,-0.003111,-0.249063,0.933239
1882781001,24.561250,-4.821250,-3.850000,-0.011712,-0.241194,0.939766
1882808229,23.091250,-5.880000,-3.631250,-0.015067,-0.216367,0.931958
1882835444,22.452500,-6.203750,-3.578750,-0.004819,-0.210328,0.933056
1882862877,21.227500,-3.815000,-2.808750,0.016165,-0.204411,0.932751
1882890191,20.387500,-1.741250,-2.082500,0.017934,-0.177632,0.922808
1882917721,18.567500,0.787500,-1.566250,0.011346,-0.179645,0.913292
1882944836,17.640000,1.470000,-1.295000,0.003355,-0.174094,0.917684
1882972287,15.408750,2.065000,-1.303750,0.012810,-0.170312,0.921771
1882999607,14.245000,2.966250,-0.428750,-0.000915,-0.177632,0.932324
1883026929,13.798750,3.202500,-0.166250,0.007869,-0.187087,0.939034
1883054343,14.533750,3.692500,-0.087500,0.019215,-0.173911,0.947086
1883081782,15.828750,3.596250,0.498750,-0.009394,-0.166469,0.961238
1883108990,17.342500,3.605000,0.892500,-0.000915,-0.158966,0.973133
1883136240,17.605000,3.955000,0.717500,0.009821,-0.148962,0.970388
1883163703,17.027500,3.640000,-0.367500,0.004880,-0.131028,0.973011
1883191022,15.960000,4.103750,-1.496250,-0.012261,-0.115107,0.975512
1883218420,12.486250,4.095000,-3.438750,-0.028548,-0.098881,0.974231
1883245730,9.931250,3.561250,-4.672500,-0.020679,-0.095831,0.979660
1883273303,4.278750,5.013750,-4.716250,-0.034770,-0.091927,0.968131
1883300999,2.257500,4.322500,-4.165000,-0.040077,-0.093452,0.984784
1883328230,-0.341250,3.456250,-3.648750,-0.036417,-0.107543,0.992287
1883355621,-0.376250,2.843750,-3.298750,-0.041785,-0.107177,1.001193
1883382867,0.376250,2.861250,-3.290000,-0.025376,-0.118950,1.004792
1883410285,1.067500,4.777500,-3.911250,-0.035197,-0.123586,1.019981
1883437782,2.607500,6.160000,-4.637500,-0.041663,-0.118767,1.006744
1883465005,3.088750,5.521250,-5.311250,-0.032818,-0.122549,1.018151
1883492370,5.285000,5.705000,-6.615000,-0.035807,-0.123464,1.009123
1883519679,5.250000,6.370000,-6.947500,-0.036783,-0.116266,1.014186
1883547085,3.053750,6.553750,-6.343750,-0.023668,-0.104554,1.003206
1883574514,2.397500,5.442500,-7.472500,-0.039406,-0.103822,0.992470
1883601964,2.380000,2.782500,-8.601250,-0.041541,-0.097234,0.984418
1883629363,3.141250,0.831250,-10.395000,-0.023729,-0.093574,0.980636
1883656656,3.377500,0.822500,-11.112500,-0.024949,-0.101199,0.955504
1883684053,4.567500,0.533750,-11.751250,-0.025620,-0.118767,0.964837
1883711519,4.768750,-1.365000,-12.643750,-0.018910,-0.095099,0.948550
1883738824,3.377500,-2.668750,-14.743750,-0.009150,-0.098698,0.941718
1883766255,2.100000,-1.487500,-15.592500,-0.006222,-0.113277,0.932629
1883793437,1.618750,-0.761250,-15.190000,-0.027023,-0.104676,0.948611
1883820726,0.271250,-0.481250,-13.518750,-0.032940,-0.102053,0.944463
1883847869,-0.472500,-0.997500,-11.970000,-0.016409,-0.070272,0.957639
1883875283,-2.257500,-1.041250,-10.640000,-0.007137,-0.048373,0.955077
1883902531,-5.241250,2.222500,-10.018750,-0.012017,-0.054656,0.953552
1883930064,-7.638750,3.780000,-8.925000,-0.014579,-0.076494,0.979233
1883957259,-7.875000,4.261250,-8.085000,-0.041480,-0.105347,0.986431
1883985190,-5.066250,3.141250,-6.046250,-0.051545,-0.102602,0.995520
1884012516,-1.155000,2.345000,-4.593750,-0.020008,-0.104737,0.991921
1884039614,2.248750,3.281250,-2.668750,-0.021045,-0.116144,0.993629
1884066963,3.815000,3.001250,-1.785000,-0.037637,-0.115412,0.995276
1884094136,4.506250,0.577500,-1.321250,-0.047946,-0.111630,0.987285
1884121652,4.410000,-1.251250,-0.358750,-0.069235,-0.107787,0.994056
1884148832,1.067500,-2.572500,1.680000,-0.076982,-0.070150,0.990884
1884176200,-2.467500,-3.080000,2.126250,-0.070211,-0.061793,0.994788
1884203265,-7.201250,-3.403750,1.522500,-0.042151,-0.077836,0.993385
1884230955,-8.487500,-3.762500,-1.085000,-0.056364,-0.120170,0.975939
1884258520,-7.813750,-4.698750,-0.743750,-0.072041,-0.140422,1.007476
1884285782,-6.702500,-5.740000,-0.227500,-0.035868,-0.142313,1.006805
1884313185,-2.301250,-5.582500,0.770000,-0.026779,-0.157441,1.002779
1884340522,1.373750,-3.675000,1.863750,0.007381,-0.129442,0.980514
1884368267,6.203750,-2.196250,2.073750,0.027328,-0.137006,0.969900
1884395644,8.085000,2.660000,1.872500,0.000732,-0.139995,0.957334
1884423494,8.828750,4.165000,1.015000,-0.022204,-0.130723,0.958493
1884450790,7.945000,5.355000,-1.242500,-0.031354,-0.108092,0.944890
1884478120,7.350000,3.815000,-2.660000,-0.053863,-0.091439,0.948855
1884505453,5.031250,1.268750,-3.648750,-0.046360,-0.065331,0.948916
1884532573,4.112500,-0.070000,-3.683750,-0.049837,-0.043005,0.959591
1884559902,0.682500,-0.988750,-4.278750,-0.027572,-0.043371,0.976122
1884587195,-1.653750,-0.735000,-5.486250,-0.036234,-0.077104,0.974658
1884614507,-1.583750,0.035000,-4.567500,-0.063806,-0.113216,0.961299
1884641891,-0.236250,2.931250,-1.076250,-0.052460,-0.171959,0.971913
1884669042,-2.861250,1.260000,-0.778750,-0.037027,-0.115107,0.987834
1884696539,-3.456250,1.461250,-2.520000,-0.062281,-0.099613,0.986858
1884723798,-5.477500,1.321250,-2.362500,-0.065514,-0.111020,0.953918
1884751591,-5.223750,1.356250,-0.288750,-0.089548,-0.136945,0.958188
1884779030,-4.515000,-1.732500,1.951250,-0.080642,-0.147620,0.937204
1884806432,-3.447500,-6.790000,4.112500,-0.044774,-0.151524,0.939888
1884833667,-4.130000,-6.308750,4.830000,-0.015799,-0.134444,0.959408
1884861027,-6.842500,-3.972500,3.272500,-0.006039,-0.111081,0.987346
1884888388,-8.557500,-1.531250,2.826250,0.001342,-0.130479,0.997228
1884915577,-7.612500,2.913750,1.417500,-0.019276,-0.134261,1.031144
1884942769,-6.746250,3.403750,1.286250,-0.011346,-0.138958,1.035109
1884970076,-1.102500,2.423750,1.767500,-0.000610,-0.179157,1.007293
1884997430,4.558750,3.605000,4.567500,-0.015494,-0.197945,0.990762
1885024850,12.608750,3.710000,6.046250,-0.008479,-0.164395,0.989420
1885052265,13.440000,5.320000,6.431250,-0.012017,-0.121878,1.019371
1885079743,9.852500,3.815000,6.273750,-0.034526,-0.122061,1.029802
1885107072,5.433750,3.246250,3.570000,-0.031293,-0.106384,1.004548
1885134395,2.966250,1.750000,-0.428750,-0.019703,-0.114863,0.986797
1885161815,3.998750,-2.178750,-6.448750,-0.043371,-0.138836,0.958432
1885189114,3.342500,-5.862500,-9.695000,-0.080886,-0.132614,0.956968
1885216559,2.117500,-10.237500,-9.913750,-0.129015,-0.134444,0.946598
1885244025,0.490000,-11.357500,-7.778750,-0.099552,-0.115534,0.959774
1885271596,-0.866250,-12.101250,-5.372500,-0.048373,-0.109556,0.967521
1885298870,-1.338750,-11.375000,-2.808750,-0.025864,-0.101504,0.980270
1885326433,-2.240000,-8.303750,-1.382500,-0.010675,-0.070211,1.000888
1885353865,-3.850000,-5.197500,-1.575000,-0.017141,-0.111508,0.990640
1885381266,-2.196250,-2.021250,-0.446250,-0.037210,-0.144936,0.976061
1885408295,1.627500,-1.688750,1.041250,-0.023546,-0.149572,0.965264
1885436009,3.823750,-1.032500,0.577500,-0.024766,-0.153598,0.963190
1885463327,3.675000,-1.610000,-2.152500,-0.053009,-0.107787,0.963434
1885490503,1.146250,-4.917500,-4.593750,-0.060878,-0.073139,0.957578
1885518382,0.840000,-8.321250,-6.160000,-0.045994,-0.091805,0.926285
1885545955,-0.778750,-9.668750,-6.825000,-0.000366,-0.096929,0.909876
1885573382,-5.591250,-7.201250,-9.266250,-0.044713,-0.131150,0.909815
1885600819,-8.986250,-6.343750,-9.047500,-0.074664,-0.132431,0.920673
1885628033,-12.390000,-10.613750,-5.626250,-0.027450,-0.111996,0.913475
1885655387,-11.532500,-14.621250,-3.176250,-0.011407,-0.146888,0.956724
1885682725,-10.421250,-14.726250,3.036250,-0.008235,-0.176473,0.965081
1885710020,-8.251250,-11.917500,7.428750,0.011285,-0.187758,0.975695
1885737376,-4.733750,-5.845000,8.636250,0.048251,-0.189344,0.987712
1885764653,-2.257500,1.522500,7.262500,0.048861,-0.182390,1.023519
1885792064,0.472500,6.203750,4.786250,0.022570,-0.181597,1.029619
1885819481,1.067500,8.522500,3.150000,-0.004880,-0.164944,1.030290
1885846742,1.715000,8.032500,2.178750,-0.004575,-0.138409,1.034377
1885874132,2.100000,4.243750,1.548750,0.023851,-0.151890,1.016199
1885901571,3.666250,2.546250,1.067500,0.024583,-0.185318,0.985760
1885928962,6.518750,1.260000,2.161250,0.054351,-0.217099,0.958554
1885963580,8.268750,1.758750,2.738750,0.079361,-0.183000,0.992104
1885996563,9.362500,0.306250,-0.411250,0.013786,-0.160003,0.985272
1886028430,7.735000,1.067500,-2.485000,0.028792,-0.166286,0.980636
1886068016,5.398750,-0.017500,-4.410000,0.011895,-0.155489,0.967338
1886095585,5.722500,-4.042500,-6.623750,0.019215,-0.121695,0.974780
1886122844,3.027500,-5.241250,-8.907500,0.024522,-0.110410,0.987407
1886150166,0.402500,-4.707500,-9.493750,0.022570,-0.139263,0.985089
1886177703,-0.945000,-2.625000,-8.023750,0.011346,-0.154879,0.991067
1886204944,0.910000,-1.855000,-7.358750,-0.013481,-0.153659,0.986553
1886235832,3.937500,-1.636250,-7.122500,-0.022265,-0.133041,0.985882
1886263452,5.083750,-2.021250,-7.717500,0.014335,-0.101382,0.975146
1886290589,5.145000,-2.161250,-9.905000,0.023790,-0.109434,0.946415
1886317896,3.832500,0.875000,-12.521250,0.015616,-0.125233,0.972340
1886345272,1.268750,5.101250,-13.685000,0.008479,-0.149572,0.971242
1886372804,-0.612500,9.502500,-17.325000,-0.014579,-0.142069,0.977830
1886400254,-1.382500,9.380000,-19.258750,-0.019093,-0.133712,0.961848
1886427495,-2.310000,6.396250,-19.127500,-0.039040,-0.129320,0.959164
1886454801,-2.975000,2.362500,-16.940000,-0.039833,-0.168421,0.923052
1886482244,-1.540000,-6.728750,-12.022500,-0.073505,-0.162138,0.901275
1886509435,-2.318750,-12.110000,-8.015000,-0.062891,-0.133895,0.892064
1886536847,-5.932500,-17.290000,-6.641250,-0.069906,-0.115717,0.880596
1886564211,-8.802500,-18.620000,-3.272500,-0.024034,-0.086193,0.925919
1886591504,-11.436250,-16.756250,-2.100000,-0.011956,-0.062159,1.012234
1886618801,-12.573750,-10.622500,0.113750,0.001342,-0.058865,1.030351
1886646297,-9.555000,-6.588750,1.767500,0.000183,-0.089365,1.037122
1886673369,-2.030000,-5.661250,4.593750,0.015616,-0.128710,1.057313
1886700697,1.601250,-3.841250,7.437500,0.031171,-0.159637,1.030168
1886728000,6.597500,2.108750,10.010000,0.034404,-0.167018,1.008757
1886755255,9.896250,4.576250,10.421250,0.061244,-0.179462,0.983381
1886782478,14.481250,7.000000,9.800000,0.016958,-0.189649,0.974109
1886809923,14.087500,5.407500,8.802500,0.008967,-0.163175,0.981673
1886837336,10.097500,1.032500,6.755000,-0.014823,-0.139812,0.980087
1886864569,7.463750,-2.205000,6.580000,0.040626,-0.152073,0.938180
1886891860,6.317500,-2.292500,5.381250,0.075030,-0.149389,0.945866
1886919018,5.223750,-0.201250,3.657500,0.048678,-0.116876,0.937021
1886946558,4.095000,0.306250,-0.717500,0.034282,-0.074237,0.970388
1886973735,2.546250,-0.227500,-2.922500,0.021716,-0.098576,0.956297
1887001006,0.752500,1.260000,-3.771250,0.015555,-0.115656,0.955138
1887028196,-1.242500,2.135000,-4.698750,0.040504,-0.089182,0.971913
1887055903,-3.552500,3.561250,-5.127500,0.016836,-0.088084,0.994300
1887083454,-4.751250,4.611250,-4.182500,-0.011224,-0.110288,0.993507
1887110600,-2.135000,4.716250,-4.033750,-0.030561,-0.127795,0.956968
1887138053,1.102500,2.590000,-4.445000,-0.061610,-0.162870,0.944768
1887165166,4.908750,0.883750,-3.885000,-0.078507,-0.167384,0.929518
1887192488,2.668750,-0.927500,-2.397500,-0.082350,-0.104615,0.946049
1887219788,-2.625000,-2.660000,-3.360000,-0.048312,-0.076189,0.941596
1887247288,-9.546250,-8.653750,-4.147500,-0.040138,-0.095160,0.941962
1887274618,-12.591250,-12.407500,-3.535000,-0.011285,-0.134261,0.953064
1887302409,-11.760000,-11.760000,-0.778750,-0.016653,-0.134810,0.981185
1887329726,-9.782500,-10.780000,-0.052500,0.004453,-0.135298,0.971059
1887356933,-7.192500,-8.732500,0.113750,0.004575,-0.152622,0.964654
1887384868,-5.171250,-5.530000,1.172500,0.021838,-0.143106,0.968924
1887412145,-3.797500,-1.041250,1.645000,0.040687,-0.134444,0.982039
1887439737,-4.042500,3.281250,2.336250,0.022875,-0.149023,0.993934
1887467281,-2.931250,3.097500,4.383750,-0.005978,-0.170922,0.978562
1887494583,0.612500,1.137500,5.871250,0.022387,-0.173606,0.979355
1887522005,2.082500,1.198750,5.748750,0.047458,-0.197030,0.982039
1887549100,1.610000,2.537500,3.745000,0.052216,-0.193736,0.979965
1887576558,0.192500,3.797500,1.907500,0.042639,-0.163541,0.987407
1887603862,-3.465000,3.613750,-0.586250,0.033367,-0.161650,0.989237
1887631372,-4.313750,2.633750,-1.828750,0.017995,-0.157075,0.982283
1887658606,-2.467500,-1.146250,-2.415000,0.017995,-0.174521,0.982283
1887685749,0.183750,-3.631250,-2.485000,0.033123,-0.183854,0.976305
1887713318,5.092500,-5.993750,-2.108750,0.031415,-0.158966,0.958371
1887741233,5.731250,-6.571250,-0.428750,0.033306,-0.149267,0.957639
1887768617,5.180000,-5.836250,-0.638750,0.084790,-0.151829,0.959164
1887795736,3.535000,-1.085000,-0.437500,0.070211,-0.153598,0.963739
1887823461,-0.157500,1.802500,-0.630000,0.059719,-0.174643,0.967765
1887850801,-4.838750,4.480000,-0.665000,0.054534,-0.170495,0.968192
1887878118,-3.902500,5.460000,-0.831250,0.017812,-0.172508,0.973499
1887905565,-2.152500,4.471250,0.376250,0.017080,-0.206180,0.978623
1887932886,-0.848750,3.858750,1.058750,0.019764,-0.181658,0.984723
1887960641,2.528750,2.756250,1.452500,0.000854,-0.163053,1.002901
1887987986,2.633750,2.038750,1.505000,-0.008113,-0.159149,0.982344
1888015044,2.380000,3.001250,1.925000,-0.000122,-0.177510,0.983198
1888042295,1.443750,3.535000,1.837500,-0.005856,-0.179645,0.970205
1888069605,-0.455000,3.797500,1.960000,-0.046055,-0.153598,0.982405
1888097050,-3.080000,2.021250,3.141250,-0.030744,-0.127490,0.997594
1888124319,-4.410000,2.073750,2.625000,-0.017385,-0.122976,0.988200
1888151913,-2.152500,2.765000,1.820000,-0.038247,-0.126758,0.978684
1888179187,0.638750,1.872500,1.015000,-0.044652,-0.088755,0.971547
1888206900,4.786250,1.058750,-1.286250,0.024522,-0.079971,0.972645
1888234251,5.451250,1.680000,-2.598750,0.031171,-0.123403,0.941535
1888261908,6.720000,3.946250,-2.791250,0.023607,-0.150731,0.963800
1888289333,6.116250,5.066250,-3.097500,0.011590,-0.171715,0.956541
1888316765,3.701250,6.772500,-3.666250,-0.007381,-0.141032,0.967826
1888344101,2.240000,6.256250,-4.427500,-0.003599,-0.143533,0.950807
1888371645,1.566250,5.005000,-4.978750,0.038247,-0.140666,0.977708
1888398960,1.505000,6.737500,-5.101250,0.005429,-0.157319,0.962031
1888426283,2.266250,6.956250,-4.733750,0.003965,-0.176229,0.962519
1888453615,3.368750,6.886250,-6.203750,0.033001,-0.153903,0.980453
1888480899,3.307500,8.601250,-9.100000,0.004087,-0.152317,0.969900
1888508178,2.966250,6.212500,-11.296250,-0.030256,-0.181475,0.979599
1888535705,2.248750,5.845000,-11.042500,-0.007564,-0.237717,0.977342
1888563265,2.502500,4.217500,-10.640000,-0.007015,-0.219844,0.999058
1888590493,1.032500,2.135000,-10.666250,-0.019703,-0.172691,0.969473
1888617868,1.365000,-1.977500,-8.338750,-0.008845,-0.144692,0.959042
1888645016,0.078750,-3.753750,-7.936250,-0.003721,-0.120353,0.967399
1888672278,-2.485000,-2.388750,-6.676250,-0.010004,-0.108885,0.954589
1888699463,-3.902500,-0.420000,-4.567500,0.017812,-0.110593,0.981429
1888726796,-3.675000,1.575000,-3.316250,0.007625,-0.104188,0.982954
1888754255,-2.931250,2.625000,-3.088750,0.005368,-0.099979,1.004487
1888781417,-1.470000,5.267500,-2.318750,0.037820,-0.095648,0.996313
1888808801,-0.568750,7.087500,-2.170000,0.021838,-0.106689,0.992165
1888836022,2.266250,7.778750,-3.981250,0.000915,-0.127002,0.967094
1888863788,3.867500,6.518750,-4.296250,-0.005368,-0.124379,0.969412
1888890916,4.453750,4.217500,-6.221250,-0.027389,-0.130174,0.981856
1888918459,3.850000,2.625000,-6.475000,-0.016897,-0.152073,0.961543
1888945694,3.946250,-0.901250,-7.271250,-0.041663,-0.130601,0.973865
1888973148,3.176250,-7.078750,-8.627500,-0.063745,-0.135908,0.964349
1889000678,2.782500,-10.885000,-6.755000,-0.051179,-0.145668,0.937448
1889027963,-1.050000,-13.020000,-2.388750,-0.015006,-0.154757,0.937936
1889055405,-3.255000,-12.871250,0.262500,-0.010370,-0.126270,0.968192
1889082839,-8.120000,-8.942500,4.462500,-0.030378,-0.140361,0.955199
1889110351,-9.318750,-6.781250,6.098750,-0.049410,-0.193919,0.955931
1889137475,-8.277500,-5.372500,7.096250,-0.045140,-0.191845,0.964044
1889165027,-5.775000,-4.917500,6.405000,-0.038613,-0.129930,0.987468
1889192128,-2.870000,-2.126250,3.132500,-0.031903,-0.129381,0.971181
1889219529,-2.966250,-1.513750,1.452500,-0.084119,-0.128588,0.988932
1889247048,-3.998750,-2.563750,1.487500,-0.106384,-0.138531,0.993873
1889274478,-4.795000,-4.935000,3.850000,-0.091073,-0.110654,1.016382
1889302348,-4.786250,-4.488750,4.270000,-0.049471,-0.133651,1.013271
1889329750,-2.642500,-1.697500,6.238750,-0.004270,-0.183427,0.992531
1889357141,3.158750,0.411250,5.486250,0.000122,-0.208010,1.004426
1889384595,8.846250,6.798750,6.063750,0.030683,-0.223260,1.018456
1889411787,11.138750,9.555000,6.116250,0.033184,-0.207217,0.981490
1889439102,15.032500,10.543750,6.475000,0.026413,-0.206119,0.999180
1889466849,15.190000,11.768750,5.512500,0.017507,-0.162199,0.965813
1889494120,13.781250,10.386250,2.502500,-0.003721,-0.131638,0.931226
1889521537,11.278750,5.976250,0.481250,0.026535,-0.116876,0.910913
1889548895,7.096250,1.190000,-2.336250,0.043859,-0.099857,0.899750
1889576446,3.587500,-1.872500,-3.780000,0.066368,-0.118340,0.905911
1889603645,-2.266250,-3.080000,-6.650000,0.105408,-0.120780,0.939461
1889631265,-5.801250,0.026250,-8.855000,0.085278,-0.128039,0.956480
1889658410,-8.435000,4.471250,-7.831250,0.027572,-0.127856,0.971730
1889685928,-9.966250,3.587500,-5.608750,-0.006649,-0.142801,0.981551
1889713255,-9.747500,0.630000,-3.307500,-0.037454,-0.170556,0.990091
1889740869,-6.895000,-3.447500,0.700000,-0.070089,-0.197030,0.970144
1889768269,-3.771250,-7.297500,1.802500,-0.077592,-0.179340,0.968741
1889795486,0.630000,-12.565000,2.572500,-0.096807,-0.184952,0.950136
1889823234,3.036250,-14.253750,3.465000,-0.074908,-0.208071,0.947818
1889850354,4.838750,-15.093750,4.235000,-0.041175,-0.231007,0.935252
1889877604,2.703750,-13.886250,4.138750,0.033672,-0.187026,1.015223
1889904949,-2.660000,-7.227500,0.743750,-0.006649,-0.129625,1.044686
1889932036,-6.816250,-2.773750,-1.653750,0.021594,-0.138409,1.030900
1889959485,-6.133750,1.750000,-3.351250,0.015433,-0.184342,1.001376
1889986757,-0.945000,1.907500,-0.061250,-0.052460,-0.222711,0.994422
1890014206,9.038750,-0.918750,1.697500,-0.062159,-0.218441,0.994239
1890041557,14.638750,-3.071250,4.751250,-0.040443,-0.158417,0.986919
1890069178,16.581250,-3.211250,5.468750,-0.020923,-0.122732,0.970388
1890096672,13.650000,1.968750,4.200000,0.045323,-0.113704,0.944097
1890124045,7.070000,6.956250,1.356250,0.050386,-0.108458,0.963617
1890151492,-0.542500,13.755000,-1.671250,0.012993,-0.128466,0.978135
1890178818,-2.887500,14.962500,-1.653750,0.004941,-0.160735,0.970510
1890206164,-0.901250,14.936250,-0.560000,0.003843,-0.138104,1.005829
1890233324,1.785000,13.877500,-1.128750,-0.029890,-0.126697,1.006073
1890261303,5.031250,11.515000,-3.675000,-0.026962,-0.130052,0.961177
1890288811,7.962500,8.741250,-5.818750,-0.053375,-0.129015,0.940132
1890315914,9.388750,4.418750,-6.597500,-0.053619,-0.140849,0.914939
1890343161,8.120000,1.487500,-5.722500,-0.031354,-0.134139,0.931592
1890370196,2.073750,-0.551250,-4.978750,-0.025925,-0.082960,0.929030
1890397443,-2.765000,-2.038750,-6.370000,-0.026230,-0.088572,0.943060
1890424797,-9.310000,-2.572500,-7.052500,-0.028182,-0.108275,0.915671
1890452199,-10.447500,-5.556250,-5.958750,-0.030988,-0.133712,0.927749
1890479235,-11.550000,-5.048750,-3.920000,-0.018788,-0.155672,0.954589
1890506654,-12.346250,-3.132500,-2.038750,-0.013054,-0.124440,0.978989
1890534131,-14.070000,-1.321250,-0.630000,-0.004941,-0.146034,0.984601
1890561470,-10.823750,0.770000,0.402500,-0.025071,-0.196054,0.984174
1890588914,-9.747500,-0.446250,1.382500,-0.066368,-0.226371,1.003450
1890616136,-2.283750,-3.578750,2.721250,-0.031293,-0.226554,0.993812
1890643680,2.537500,-5.040000,3.053750,-0.049959,-0.227408,0.989420
1890672173,7.936250,-6.973750,4.025000,-0.037210,-0.249917,0.996435
1890699644,9.896250,-8.260000,4.620000,-0.031354,-0.204655,0.961177
1890726925,9.310000,-8.391250,3.736250,-0.027816,-0.184891,0.957578
1890754116,5.530000,-5.661250,1.347500,-0.030378,-0.163724,0.948550
1890781382,-0.743750,-1.006250,0.945000,-0.049654,-0.177876,0.943548
1890808637,-3.360000,-0.192500,2.703750,-0.031049,-0.175619,0.950319
1890835840,-3.351250,-0.201250,2.800000,-0.002928,-0.169702,0.953735
1890862897,-1.557500,1.478750,2.397500,0.000671,-0.153781,0.978257
1890890209,-2.266250,3.202500,1.382500,-0.000549,-0.145302,1.017785
1890917601,-4.340000,5.757500,1.120000,-0.020252,-0.145119,1.017663
1890944850,-4.471250,5.888750,1.566250,-0.026108,-0.153171,1.002840
1890977966,-0.078750,3.193750,0.892500,-0.037149,-0.191601,0.951478
1891010536,3.482500,-1.601250,-0.183750,-0.016348,-0.166042,0.959591
1891040884,2.152500,-5.372500,-2.301250,-0.020618,-0.179584,0.991494
1891076865,-4.217500,-5.495000,-4.138750,0.019825,-0.146644,0.931348
1891104299,-6.842500,-3.412500,-7.831250,0.036783,-0.192150,0.930372
1891131610,-2.432500,-1.277500,-8.986250,0.013359,-0.228445,0.921344
1891159172,3.640000,-0.971250,-8.137500,0.035685,-0.257420,0.965569
1891186561,7.743750,2.957500,-5.827500,-0.004453,-0.230946,0.935313
1891213883,4.838750,-0.665000,-4.917500,0.021716,-0.240096,0.940986
1891241202,4.410000,2.047500,-4.278750,-0.025254,-0.195627,0.940864
1891268549,-2.712500,4.392500,-3.736250,-0.019581,-0.188246,0.973011
1891295707,-4.427500,7.393750,-2.003750,-0.038918,-0.230580,0.948672
1891322964,-4.847500,5.941250,-0.262500,-0.036783,-0.207705,0.988383
1891350171,-2.870000,4.996250,0.735000,-0.036905,-0.236314,0.964959
1891377908,1.618750,4.541250,1.951250,-0.037576,-0.241682,0.972767
1891405276,9.003750,-1.627500,3.447500,-0.030683,-0.245037,0.917684
1891432591,14.612500,-6.168750,4.261250,-0.063379,-0.223138,0.985272
1891459800,17.675000,-7.516250,4.191250,-0.015677,-0.192394,1.006561
1891487038,15.522500,-6.396250,3.928750,0.012322,-0.134932,1.017297
1891514347,7.831250,-2.931250,2.117500,0.011102,-0.097051,1.032852
1891541524,1.680000,0.752500,0.420000,0.011224,-0.105408,1.002779
1891568781,-2.633750,4.970000,-2.126250,0.007442,-0.126514,0.982649
1891595982,-1.426250,4.987500,-3.745000,-0.025315,-0.124928,0.962946
1891623237,1.697500,0.980000,-3.858750,-0.067893,-0.104371,0.946537
1891650472,3.701250,-3.543750,-2.721250,-0.048983,-0.101992,0.947330
1891677683,2.721250,-6.501250,-1.785000,-0.030500,-0.118096,0.967277
1891705136,1.102500,-1.986250,-0.131250,-0.018666,-0.117303,0.961116
1891732411,-2.091250,-0.516250,0.507500,-0.023363,-0.184403,0.930311
1891759675,-2.143750,4.488750,-1.863750,0.032879,-0.202581,0.949099
1891786902,0.227500,6.895000,-3.263750,-0.001403,-0.199165,0.977281
1891814396,0.446250,9.616250,-6.002500,-0.012444,-0.222894,0.987468
1891841654,0.087500,12.276250,-7.743750,-0.039894,-0.170129,1.003328
1891868864,-0.201250,8.837500,-8.898750,-0.080886,-0.144326,0.983198
1891896137,0.883750,3.438750,-9.152500,-0.077836,-0.156160,0.956358
1891923386,1.645000,-3.517500,-6.720000,-0.048922,-0.185013,0.934459
1891950792,1.330000,-6.396250,-5.670000,-0.054229,-0.177693,0.929457
1891978030,-1.417500,-7.883750,-6.037500,-0.070333,-0.185989,0.919026
1892005536,-4.051250,-7.271250,-6.186250,-0.043981,-0.176717,0.915915
1892032816,-4.838750,-3.771250,-6.868750,-0.026413,-0.160430,0.927078
1892060526,-5.013750,-1.382500,-6.772500,-0.021655,-0.186599,0.951539
1892087830,-7.105000,2.038750,-6.851250,-0.017141,-0.217099,0.956785
1892115478,-6.273750,2.371250,-4.392500,-0.042822,-0.215635,0.968375
1892143021,-4.751250,0.271250,-3.097500,-0.043554,-0.207278,0.983686
1892170124,-3.517500,-0.875000,-1.986250,-0.032086,-0.188856,0.997106
1892197383,-3.290000,-0.735000,-3.298750,-0.038369,-0.194102,0.991250
1892224717,-3.272500,0.516250,-4.121250,-0.041785,-0.209840,0.998509
1892252178,-3.062500,0.420000,-4.445000,-0.035868,-0.219173,0.992043
1892279566,-0.533750,-1.242500,-4.970000,-0.032025,-0.233752,0.993934
1892306795,1.706250,-1.575000,-5.652500,-0.033062,-0.233264,0.970022
1892334083,3.692500,-2.152500,-5.066250,-0.026291,-0.210755,0.972340
1892361452,4.103750,-2.038750,-5.075000,-0.021533,-0.203618,0.978501
1892388689,2.905000,-0.192500,-5.022500,-0.032696,-0.182573,0.971181
1892416307,2.887500,-0.148750,-5.923750,-0.032147,-0.170068,0.961909
1892443747,1.697500,0.052500,-6.457500,-0.024156,-0.165432,0.953430
1892470941,0.210000,0.778750,-6.160000,-0.027755,-0.182634,0.947940
1892498394,-1.198750,0.656250,-5.320000,-0.028914,-0.187880,0.947757
1892525857,-1.295000,-0.306250,-4.576250,-0.011895,-0.187148,0.959713
1892552998,-1.233750,0.280000,-5.162500,-0.033001,-0.207095,0.965203
1892580541,-0.866250,-0.621250,-4.427500,-0.043432,-0.197884,0.963617
1892607811,-0.341250,-2.301250,-4.480000,-0.042822,-0.193736,0.972096
1892635193,0.140000,-2.773750,-5.495000,-0.041541,-0.197701,0.970144
1892662407,1.137500,-2.887500,-6.046250,-0.037210,-0.185501,0.962763
1892689659,1.330000,-3.491250,-6.107500,-0.019520,-0.181597,0.963556
1892717053,0.183750,-2.458750,-5.267500,-0.016775,-0.195505,0.964166
1892744427,-0.621250,-0.980000,-4.086250,-0.006588,-0.196054,0.956053
1892771772,0.262500,-0.236250,-3.867500,-0.020313,-0.173362,0.965752
1892799112,0.516250,-0.061250,-4.628750,-0.030256,-0.164822,0.966911
1892826360,0.533750,-0.122500,-4.935000,-0.037698,-0.173301,0.978684
1892853797,0.455000,-0.052500,-5.302500,-0.032635,-0.192089,0.971669
1892881269,-1.102500,-0.568750,-4.436250,-0.020496,-0.214476,0.966789
1892908395,-0.997500,-0.988750,-3.841250,-0.021594,-0.215391,0.961482
1892935674,-0.822500,-2.458750,-3.220000,-0.025071,-0.203618,0.961299
1892963044,-0.183750,-4.541250,-3.701250,-0.019581,-0.197945,0.958310
1892990350,0.332500,-4.287500,-3.858750,-0.025315,-0.185135,0.963129
1893017762,-0.481250,-3.937500,-4.007500,-0.021777,-0.195444,0.963312
1893045135,-0.813750,-3.325000,-2.843750,-0.022753,-0.202276,0.961360
1893072475,-1.225000,-3.377500,-2.135000,-0.020130,-0.199836,0.975695
1893099813,-2.730000,-4.130000,-1.365000,-0.011102,-0.220332,0.989664
1893127575,-2.082500,-4.016250,-0.997500,-0.012139,-0.229299,0.980636
1893154969,-0.612500,-5.705000,0.061250,-0.015799,-0.219478,0.977830
1893182185,-0.551250,-6.772500,-0.271250,-0.002684,-0.219173,0.980697
1893209560,-1.443750,-7.542500,-2.441250,-0.005429,-0.220820,0.981307
1893237264,-1.557500,-9.423750,-4.130000,-0.011529,-0.232044,0.970632
1893264772,-1.653750,-13.921250,-5.766250,-0.006649,-0.229299,0.991555
1893292210,-0.647500,-15.575000,-6.457500,-0.001891,-0.219539,0.972645
1893319478,2.108750,-18.716250,-5.888750,0.029280,-0.223077,0.975695
1893347016,2.406250,-18.401250,-6.195000,0.034709,-0.230031,0.991494
1893374113,0.367500,-16.765000,-5.818750,0.035929,-0.216489,0.989420
1893401509,0.113750,-13.877500,-5.626250,0.047702,-0.215574,0.992165
1893428729,0.962500,-10.841250,-5.398750,0.038552,-0.225883,0.982161
1893456467,4.261250,-9.660000,-5.250000,0.031598,-0.228018,0.973743
1893484388,6.090000,-10.815000,-6.597500,0.041602,-0.215147,0.968192
1893516046,7.026250,-11.873750,-9.826250,0.032513,-0.210267,0.974353
1893543876,5.092500,-17.246250,-14.157500,0.032147,-0.222894,0.954833
1893571007,5.250000,-21.980000,-15.575000,0.072285,-0.221430,0.953552
1893598374,4.156250,-27.212500,-16.756250,0.082350,-0.211914,0.952942
1893625683,3.823750,-29.120000,-17.158750,0.084668,-0.197518,0.965752
1893653026,2.336250,-28.918750,-16.283750,0.075762,-0.178364,0.945500
1893680327,1.583750,-29.093750,-15.347500,0.099186,-0.190076,0.942084
1893707599,0.402500,-28.253750,-14.078750,0.157014,-0.191540,0.933727
1893734942,0.420000,-23.686250,-12.608750,0.161406,-0.214964,0.926102
1893762203,3.587500,-16.861250,-11.821250,0.191113,-0.202215,0.889746
1893790051,4.707500,-9.537500,-10.360000,0.195749,-0.193553,0.903410
1893817448,3.815000,-3.053750,-9.870000,0.174704,-0.223199,0.889868
1893844686,1.382500,-0.682500,-9.003750,0.143899,-0.193431,0.894077
1893871938,1.452500,-1.338750,-8.513750,0.197640,-0.165493,0.895846
1893899261,-2.870000,3.500000,-7.306250,0.187514,-0.148718,0.897127
1893926627,-5.582500,7.700000,-5.818750,0.155306,-0.160369,0.902861
1893953786,-5.066250,7.507500,-6.133750,0.167872,-0.181536,0.898530
1893981140,-3.290000,8.260000,-7.463750,0.182817,-0.185989,0.899872
1894008362,0.192500,9.520000,-7.411250,0.152012,-0.176107,0.918965
1894035878,-0.708750,10.473750,-5.363750,0.170129,-0.161284,0.930555
1894063173,-1.461250,12.950000,-4.042500,0.197945,-0.170983,0.942145
1894090798,-1.776250,14.761250,-3.850000,0.221552,-0.184952,0.930982
1894118301,0.796250,19.153750,-4.541250,0.231251,-0.168177,0.928359
1894145596,0.770000,22.373750,-4.672500,0.185013,-0.168299,0.920978
1894173149,0.236250,23.563750,-3.893750,0.143594,-0.183793,0.923296
1894200340,-0.280000,20.457500,-1.557500,0.134749,-0.171044,0.938241
1894227543,-1.067500,18.182500,0.166250,0.118950,-0.150487,0.954528
1894255010,-0.507500,15.190000,3.211250,0.092842,-0.167689,0.939400
1894282046,-0.446250,11.453750,4.681250,0.064416,-0.181780,0.897554
1894309601,-2.248750,4.357500,6.230000,0.080154,-0.170861,0.893528
1894336888,-4.480000,4.777500,5.083750,0.083509,-0.202947,0.952637
1894364218,-4.243750,4.716250,3.920000,0.030012,-0.217770,0.954894
1894391427,-2.056250,4.401250,4.103750,0.048312,-0.255407,0.994361
1894418730,1.085000,8.312500,6.055000,0.021533,-0.259616,0.963617
1894446027,4.672500,9.108750,9.117500,-0.012932,-0.263032,0.957456
1894473891,8.181250,6.300000,12.556250,0.018178,-0.256688,0.919209
1894501196,9.992500,5.530000,9.975000,0.047580,-0.241072,0.905545
1894528668,5.950000,10.290000,9.712500,0.064416,-0.185928,0.915183
1894555970,3.097500,16.406250,7.192500,0.066124,-0.145424,0.953674
1894583196,-4.042500,16.152500,6.273750,0.102663,-0.134261,0.976793
1894610516,-8.093750,14.490000,3.675000,0.083448,-0.123281,0.992043
1894637785,-10.158750,14.262500,2.021250,0.063928,-0.137433,0.989664
1894665099,-8.872500,14.525000,1.146250,0.075579,-0.149877,1.010892
1894692174,-6.168750,13.816250,-0.402500,0.053863,-0.187697,0.988200
1894719544,-1.627500,8.032500,-4.707500,0.075457,-0.190381,0.998570
1894746803,-1.531250,6.133750,-6.352500,0.071614,-0.194041,1.009062
1894774131,0.183750,4.550000,-9.966250,0.048678,-0.206485,1.020408
1894801461,0.796250,3.158750,-12.731250,0.062769,-0.218075,1.023397
1894828667,2.222500,4.987500,-16.003750,0.033916,-0.201361,1.030229
1894856118,3.815000,5.101250,-15.750000,-0.032940,-0.174033,1.020591
1894883257,6.142500,1.802500,-13.728750,-0.011102,-0.196237,0.993995
1894910666,7.735000,0.647500,-11.935000,0.013298,-0.221491,0.972279
1894937964,9.625000,2.310000,-11.261250,-0.011346,-0.179706,0.954467
1894965268,8.793750,3.596250,-10.858750,-0.013969,-0.128039,0.954406
1894992579,5.346250,5.582500,-13.650000,-0.041846,-0.103456,0.961665
1895019911,1.076250,6.440000,-14.647500,-0.054900,-0.106933,0.952759
1895047133,-3.377500,4.943750,-14.166250,-0.020801,-0.136274,0.942145
1895074244,-4.497500,3.220000,-12.810000,-0.043005,-0.187087,0.950990
1895101547,-5.320000,2.248750,-10.806250,-0.053009,-0.220759,0.945317
1895128578,-6.886250,3.447500,-4.235000,-0.054046,-0.208803,0.961238
1895155941,-10.307500,4.550000,-1.505000,-0.039894,-0.137555,0.960567
1895183152,-11.278750,3.552500,-0.498750,-0.048129,-0.159637,0.950380
1895210528,-7.673750,2.572500,0.603750,-0.041968,-0.175558,0.937082
1895240982,-1.461250,0.350000,1.058750,-0.007381,-0.203008,0.930250
1895268982,0.603750,-0.245000,-1.286250,0.055327,-0.228628,0.940193
1895296267,3.841250,3.281250,-3.727500,0.042761,-0.234179,0.952149
1895323761,3.675000,7.848750,-5.171250,0.008601,-0.214781,0.967765
1895351117,6.282500,8.855000,-4.821250,-0.019947,-0.197457,0.960445
1895378191,8.356250,7.070000,-3.955000,-0.024461,-0.142435,0.940803
1895405687,10.368750,5.197500,-4.515000,0.002684,-0.089548,0.987773
1895433014,8.242500,6.387500,-2.633750,-0.008845,-0.128527,0.980819
1895460365,5.923750,6.370000,-0.017500,-0.029036,-0.163297,0.984540
1895488150,2.677500,5.792500,3.115000,-0.026291,-0.194529,0.974353
1895515483,1.338750,4.602500,3.123750,0.015555,-0.162565,0.969961
1895542860,-1.452500,3.605000,0.367500,0.004392,-0.109556,0.983381
1895570117,-2.135000,3.368750,-1.688750,-0.023729,-0.100589,0.978989
1895597388,-1.391250,2.642500,-3.465000,-0.028975,-0.120231,1.003877
1895624663,-0.218750,1.618750,-5.031250,-0.014884,-0.139995,1.008269
1895652414,4.698750,2.668750,-4.838750,-0.016043,-0.152744,1.011319
1895680159,6.772500,1.601250,-4.270000,-0.034526,-0.145241,1.023885
1895707426,8.286250,0.026250,-3.998750,-0.018544,-0.153476,1.027911
1895734762,7.315000,0.761250,-4.270000,-0.029829,-0.175131,0.997838
1895762108,5.355000,-0.078750,-4.690000,-0.043005,-0.169885,0.985760
1895789549,4.471250,-1.295000,-4.243750,-0.028609,-0.150792,0.974902
1895816636,4.996250,-0.428750,-3.963750,-0.015860,-0.149511,0.967704
1895844150,5.101250,1.443750,-3.622500,-0.016226,-0.142496,0.965874
1895871540,3.806250,2.660000,-3.421250,-0.014762,-0.140056,0.949709
1895898601,2.765000,2.266250,-4.392500,-0.024705,-0.144631,0.948428
1895926140,1.680000,0.778750,-5.075000,-0.023851,-0.138104,0.952393
1895953279,0.516250,-0.577500,-4.821250,-0.014823,-0.116510,0.979538
1895986057,-0.008750,-0.945000,-5.241250,-0.038735,-0.121390,0.986309
1896023363,-1.093750,-0.218750,-4.760000,-0.046604,-0.169763,0.980331
1896061636,0.043750,0.140000,-4.550000,-0.042822,-0.186965,0.972523
1896089509,1.470000,-2.616250,-5.013750,-0.046604,-0.185623,0.965630
1896116701,3.342500,-4.716250,-5.110000,-0.048556,-0.162504,0.969473
1896144116,3.412500,-5.311250,-4.803750,-0.018727,-0.136335,0.970022
1896171304,1.697500,-4.042500,-4.366250,-0.025010,-0.130296,0.963007
1896198539,-0.262500,-2.782500,-3.115000,-0.026169,-0.136823,0.953613
1896225904,-1.977500,-3.535000,-3.237500,-0.019764,-0.144692,0.959896
1896253303,-2.283750,-2.362500,-3.010000,-0.037820,-0.156953,0.974475
1896280836,-1.303750,-1.863750,-2.765000,-0.038918,-0.167750,0.967094
1896308223,0.621250,-1.977500,-1.846250,-0.022875,-0.164944,0.963922
1896335831,1.732500,-2.003750,-1.662500,-0.027755,-0.170678,0.961177
1896363236,2.747500,-1.653750,-1.295000,-0.021533,-0.160125,0.955809
1896390682,2.266250,-1.067500,-0.910000,-0.018422,-0.153415,0.958554
1896418099,-0.078750,-0.061250,-0.551250,-0.025376,-0.172630,0.960872
1896445327,-1.925000,-0.901250,0.218750,-0.031354,-0.171166,0.958005
1896473089,-1.933750,-3.263750,0.498750,-0.033611,-0.167445,0.966240
1896500300,-2.651250,-4.777500,0.577500,-0.032879,-0.157746,0.975085
1896528067,-3.088750,-4.628750,0.463750,-0.011529,-0.169031,0.971730
1896565183,-2.668750,-2.117500,0.192500,0.001037,-0.182878,0.982161
1896597610,-0.455000,-0.245000,-0.533750,-0.008052,-0.190991,0.980697
1896625286,1.802500,0.288750,-1.356250,-0.003538,-0.184952,0.978928
1896652899,3.228750,1.592500,-2.012500,0.002318,-0.193492,0.984479
1896680638,4.278750,2.091250,-2.318750,-0.009760,-0.188307,0.978257
1896708272,4.777500,1.995000,-2.887500,-0.001098,-0.163602,0.973255
1896735957,3.211250,2.065000,-3.500000,-0.007381,-0.154269,0.984235
1896763633,1.540000,2.712500,-3.088750,-0.015616,-0.155489,0.979782
1896791303,0.253750,2.143750,-1.995000,-0.018178,-0.165127,0.985760
1896818835,-0.700000,0.402500,-2.275000,-0.017385,-0.195078,0.967826
1896846383,1.286250,-0.306250,-1.907500,-0.022997,-0.189710,0.957700
1896874102,2.555000,-2.493750,-1.776250,-0.015128,-0.164212,0.962580
1896901906,1.925000,-3.263750,-3.578750,-0.016531,-0.159942,0.956053
1896929912,1.303750,-3.552500,-4.602500,-0.014945,-0.153354,0.959835
1896957693,-0.087500,-2.913750,-4.935000,-0.000122,-0.159210,0.967399
1896985780,-0.262500,-1.295000,-4.173750,-0.014396,-0.177449,0.965691
1897013512,0.140000,0.070000,-4.235000,-0.028243,-0.161894,0.974109
1897041440,0.332500,-0.218750,-2.808750,-0.027389,-0.169458,0.975451
1897069287,0.402500,-0.323750,-2.520000,-0.012322,-0.156587,0.977769
1897097831,1.225000,0.315000,-2.791250,-0.016470,-0.149633,0.970144
1897125507,1.671250,0.603750,-3.106250,-0.027938,-0.153659,0.966606
1897153777,1.688750,0.420000,-2.852500,-0.024766,-0.155306,0.966667
1897181872,1.242500,0.227500,-2.835000,-0.023363,-0.164395,0.957944
1897209476,0.446250,-1.321250,-2.476250,-0.017385,-0.164334,0.954223
1897237551,-0.542500,-1.916250,-2.905000,-0.008174,-0.165310,0.958371
1897265433,-0.901250,-1.828750,-3.666250,-0.005734,-0.176839,0.955687
1897292947,-1.382500,-1.295000,-2.931250,-0.014701,-0.171715,0.953613
